<?xml version="1.0" encoding="utf-8" ?>
<template>
   <t t-name="SalesDashboard">
       <div class="oh_dashboards" style="margin-top: 20px;">
           <div class="container-fluid o_pj_dashboard">
               <div class="selection col-6 col-md-2">
                    <select class="form-select" id="data_filter">
                      <option selected="true" value="0">All</option>
                      <option value="2">This Month</option>
                      <option value="1">This Week</option>
                    </select>
                </div>
               <div class="dashboardContainer">
                    <div class="row justify-content-center">
                        <div class="col col-md-10">
                            <div class="container" id="card-container">
                                <div class="row">
                                    <div class="col">
                                        <div class="card border-success mb-3" id="btn-01" style="max-width: 18rem;">
                                            <div class="card-header">Quotations</div>
                                            <div class="card-body text-success">
                                                <h5 class="card-title" id="title-01"></h5>
                                            </div>
                                        </div>
                                    </div>
                                    <div class="col">
                                        <div class="card border-danger mb-3" id="btn-02" style="max-width: 18rem;">
                                            <div class="card-header">Sale Orders</div>
                                            <div class="card-body text-danger">
                                                <h5 class="card-title" id="title-02"></h5>
                                            </div>
                                        </div>
                                    </div>
                                    <div class="col">
                                        <div class="card border-info mb-3" id="btn-03" style="max-width: 18rem;">
                                            <div class="card-header" id='invoiced'>Invoiced</div>
                                            <div class="card-body">
                                                <h5 class="card-title" id="title-03"></h5>
                                            </div>
                                        </div>
                                    </div>
                                </div>
                            </div>
                            <div class="accordion-item">
                                <h2 class="accordion-header" id="headingOne">
                                    <button class="accordion-button" type="button" data-bs-toggle="collapse" data-bs-target="#collapseOne" aria-expanded="true" aria-controls="collapseOne">
                                        Sales By Team
                                    </button>
                                </h2>
                                <div id="collapseOne" class="accordion-collapse collapse show" aria-labelledby="headingOne" data-bs-parent="#accordionExample">
                                    <div class="accordion-body">
                                        <div class="row">
                                            <div class="col col-12 col-md-6">
                                              <div class="card text-center">
                                                    <div class="card-header">
                                                        <ul class="nav nav-tabs card-header-tabs">
                                                            <li class="nav-item">
                                                                <a class="nav-link active" aria-current="true" href="#">Teams</a>
                                                            </li>
                                                        </ul>
                                                    </div>
                                                    <div class="card-body">
                                                        <table class="table table-hover">
                                                            <thead>
                                                                <tr>
                                                                  <th scope="col">#</th>
                                                                  <th scope="col">Team</th>
                                                                  <th scope="col">Leader</th>
                                                                  <th scope="col">Target</th>
                                                                </tr>
                                                            </thead>
                                                            <tbody id="by-team">

                                                            </tbody>
                                                        </table>
                                                    </div>
                                                </div>
                                            </div>
                                            <div class="col col-12 col-md-6">
                                                <div class="card text-center">
                                                    <div class="card-header">
                                                        <div class="col">
                                                            <canvas id="by-team-chart"></canvas>
                                                        </div>
                                                    </div>
                                                </div>
                                            </div>
                                        </div>
                                    </div>
                                </div>
                          </div>
                            <br/>
                            <div class="accordion-item">
                                <h2 class="accordion-header" id="headingTwo">
                                    <button class="accordion-button" type="button" data-bs-toggle="collapse" data-bs-target="#collapseTwo" aria-expanded="true" aria-controls="collapseTwo">
                                        Sales By Team Members
                                    </button>
                                </h2>
                                <div id="collapseTwo" class="accordion-collapse collapse show" aria-labelledby="headingTwo" data-bs-parent="#accordionExample">
                                    <div class="accordion-body">
                                        <div class="row">
                                            <div class="col col-12 col-md-6">
                                              <div class="card text-center">
                                                    <div class="card-header">
                                                        <ul class="nav nav-tabs card-header-tabs">
                                                            <li class="nav-item">
                                                                <a class="nav-link active" aria-current="true" href="#">Members</a>
                                                            </li>
                                                        </ul>
                                                    </div>
                                                    <div class="card-body">
                                                        <table class="table table-hover">
                                                            <thead>
                                                                <tr>
                                                                  <th scope="col">#</th>
                                                                  <th scope="col">name</th>
                                                                  <th scope="col">Team</th>
                                                                  <th scope="col">Leader</th>
                                                                </tr>
                                                            </thead>
                                                            <tbody id="by-member">

                                                            </tbody>
                                                        </table>
                                                    </div>
                                                </div>
                                            </div>
                                            <div class="col col-12 col-md-6">
                                                <div class="card text-center">
                                                    <div class="card-header">
                                                        <div class="col">
                                                            <canvas id="by-member-chart"></canvas>
                                                        </div>
                                                    </div>
                                                </div>
                                            </div>
                                        </div>
                                    </div>
                                </div>
                          </div>
                            <br/>
                            <div class="accordion-item">
                                <h2 class="accordion-header" id="headingThree">
                                    <button class="accordion-button" type="button" data-bs-toggle="collapse" data-bs-target="#collapseThree" aria-expanded="true" aria-controls="collapseThree">
                                        Top 10 Customers
                                    </button>
                                </h2>
                                <div id="collapseThree" class="accordion-collapse collapse show" aria-labelledby="headingThree" data-bs-parent="#accordionExample">
                                    <div class="accordion-body">
                                        <div class="row">
                                            <div class="col col-12 col-md-6">
                                              <div class="card text-center">
                                                    <div class="card-header">
                                                        <ul class="nav nav-tabs card-header-tabs">
                                                            <li class="nav-item">
                                                                <a class="nav-link active" aria-current="true" href="#">Customers</a>
                                                            </li>
                                                        </ul>
                                                    </div>
                                                    <div class="card-body">
                                                        <table class="table table-hover">
                                                            <thead>
                                                                <tr>
                                                                  <th scope="col">#</th>
                                                                  <th scope="col">name</th>
                                                                  <th scope="col">Email</th>
                                                                  <th scope="col">Amount Total</th>
                                                                </tr>
                                                            </thead>
                                                            <tbody id="top-customer">

                                                            </tbody>
                                                        </table>
                                                    </div>
                                                </div>
                                            </div>
                                            <div class="col col-12 col-md-6">
                                                <div class="card text-center">
                                                    <div class="card-header">
                                                        <div class="col">
                                                            <canvas id="top-customer-chart"></canvas>
                                                        </div>
                                                    </div>
                                                </div>
                                            </div>
                                        </div>
                                    </div>
                                </div>
                          </div>
                            <br/>
                            <div class="accordion-item">
                                <h2 class="accordion-header" id="headingFour">
                                    <button class="accordion-button" type="button" data-bs-toggle="collapse" data-bs-target="#collapseFour" aria-expanded="true" aria-controls="collapseFour">
                                        Product Sales
                                    </button>
                                </h2>
                                <div id="collapseFour" class="accordion-collapse collapse show" aria-labelledby="headingFour" data-bs-parent="#accordionExample">
                                    <div class="accordion-body">
                                        <div class="row">
                                            <div class="col col-12 col-md-6">
                                              <div class="card text-center">
                                                    <div class="card-header">
                                                        <ul class="nav nav-tabs card-header-tabs">
                                                            <li class="nav-item">
                                                                <a class="nav-link active" aria-current="true" href="#">
                                                                    Highest Selling Product
                                                                </a>
                                                            </li>
                                                        </ul>
                                                    </div>
                                                    <div class="card-body">
                                                        <table class="table table-hover">
                                                            <thead>
                                                                <tr>
                                                                  <th scope="col">#</th>
                                                                  <th scope="col">name</th>
                                                                  <th scope="col">Sold Qty</th>
                                                                </tr>
                                                            </thead>
                                                            <tbody id="highest-selling">

                                                            </tbody>
                                                        </table>
                                                    </div>
                                                </div>
                                            </div>
                                            <div class="col col-12 col-md-6">
                                                <div class="card text-center">
                                                    <div class="card-header">
                                                        <ul class="nav nav-tabs card-header-tabs">
                                                            <li class="nav-item">
                                                                <a class="nav-link active" aria-current="true" href="#">
                                                                    Lowest Selling Product
                                                                </a>
                                                            </li>
                                                        </ul>
                                                    </div>
                                                    <div class="card-body">
                                                        <table class="table table-hover">
                                                            <thead>
                                                                <tr>
                                                                  <th scope="col">#</th>
                                                                  <th scope="col">name</th>
                                                                  <th scope="col">Sold Qty</th>
                                                                </tr>
                                                            </thead>
                                                            <tbody id="lowest-product">

                                                            </tbody>
                                                        </table>
                                                    </div>
                                                </div>
                                            </div>
                                        </div>
                                    </div>
                                </div>
                          </div>
                            <br/>
                            <div class="accordion-item">
                                <h2 class="accordion-header" id="headingFive">
                                    <button class="accordion-button" type="button" data-bs-toggle="collapse" data-bs-target="#collapseFive" aria-expanded="true" aria-controls="collapseFive">
                                        Sales Status
                                    </button>
                                </h2>
                                <div id="collapseFive" class="accordion-collapse collapse show" aria-labelledby="headingFive" data-bs-parent="#accordionExample">
                                    <div class="accordion-body">
                                        <div class="row">
                                            <div class="col col-12 col-md-6">
                                              <div class="card text-center">
                                                    <div class="card-header">
                                                        <div class="col">
                                                            <canvas id="order-status-chart"></canvas>
                                                        </div>
                                                    </div>
                                                </div>
                                            </div>
                                            <div class="col col-12 col-md-6">
                                                <div class="card text-center">
                                                    <div class="card-header">
                                                        <div class="col">
                                                            <canvas id="invoice-status-chart"></canvas>
                                                        </div>
                                                    </div>
                                                </div>
                                            </div>
                                        </div>
                                    </div>
                                </div>
                          </div>
                        </div>
                    </div>
                </div>
           </div>
       </div>
   </t>
</template>
